Date,Day,P,E,dS,S1,S2,S3,S1_E,S2_E,S3_E,Total_Excess,BFR,SFR,BS,SS,Qbase,Qsurf,Qtotal,Q,Q_obs
1993-05-13,0,0.008073297,1.312489593,-1.304416296,0.0,0.0,0.0,0.0,0.0,0.0,0.0,0.0,0.0,0.0,0.0,0.0,0.0,0.0,0.0,6520.0
1993-05-14,1,20.10561849,2.340238893,17.765379597000003,17.765379597000003,17.765379597000003,17.765379597000003,0.0,0.0,0.0,0.0,0.0,0.0,0.0,0.0,0.0,0.0,0.0,0.0,7180.0
1993-05-15,2,0.14978132,2.403000251,-2.253218931,15.512160666000003,15.512160666000003,15.512160666000003,0.0,0.0,0.0,0.0,0.0,0.0,0.0,0.0,0.0,0.0,0.0,0.0,7860.0
1993-05-16,3,0.0,2.09696032,-2.09696032,13.415200346000002,13.415200346000002,13.415200346000002,0.0,0.0,0.0,0.0,0.0,0.0,0.0,0.0,0.0,0.0,0.0,0.0,8500.0
1993-05-17,4,0.003335822,1.911931239,-1.9085954170000001,11.506604929000002,11.506604929000002,11.506604929000002,0.0,0.0,0.0,0.0,0.0,0.0,0.0,0.0,0.0,0.0,0.0,0.0,11100.0
1993-05-18,5,0.003538342,2.115669955,-2.112131613,9.394473316000003,9.394473316000003,9.394473316000003,0.0,0.0,0.0,0.0,0.0,0.0,0.0,0.0,0.0,0.0,0.0,0.0,12440.0
1993-05-19,6,0.0,1.502089519,-1.502089519,7.892383797000003,7.892383797000003,7.892383797000003,0.0,0.0,0.0,0.0,0.0,0.0,0.0,0.0,0.0,0.0,0.0,0.0,12440.0
1993-05-20,7,0.201591128,2.05265132,-1.8510601919999998,6.041323605000002,6.041323605000002,6.041323605000002,0.0,0.0,0.0,0.0,0.0,0.0,0.0,0.0,0.0,0.0,0.0,0.0,12020.0
1993-05-21,8,1.905745282,2.283101306,-0.3773560239999998,5.663967581000002,5.663967581000002,5.663967581000002,0.0,0.0,0.0,0.0,0.0,0.0,0.0,0.0,0.0,0.0,0.0,0.0,11420.0
1993-05-22,9,9.49e-06,2.191436896,-2.191427406,3.4725401750000024,3.4725401750000024,3.4725401750000024,0.0,0.0,0.0,0.0,0.0,0.0,0.0,0.0,0.0,0.0,0.0,0.0,9660.0
1993-05-23,10,0.03126758,1.93207497,-1.90080739,1.5717327850000025,1.5717327850000025,1.5717327850000025,0.0,0.0,0.0,0.0,0.0,0.0,0.0,0.0,0.0,0.0,0.0,0.0,9960.0
1993-05-24,11,0.037280926,1.840001015,-1.802720089,0.0,0.0,0.0,0.0,0.0,0.0,0.0,0.0,0.0,0.0,0.0,0.0,0.0,0.0,0.0,9730.0
1993-05-25,12,0.013397329,2.127916421,-2.114519092,0.0,0.0,0.0,0.0,0.0,0.0,0.0,0.0,0.0,0.0,0.0,0.0,0.0,0.0,0.0,9370.0
1993-05-26,13,0.0,1.436207126,-1.436207126,0.0,0.0,0.0,0.0,0.0,0.0,0.0,0.0,0.0,0.0,0.0,0.0,0.0,0.0,0.0,9370.0
1993-05-27,14,0.296278722,2.016364655,-1.7200859329999998,0.0,0.0,0.0,0.0,0.0,0.0,0.0,0.0,0.0,0.0,0.0,0.0,0.0,0.0,0.0,9440.0
1993-05-28,15,0.956926009,1.787770095,-0.8308440859999999,0.0,0.0,0.0,0.0,0.0,0.0,0.0,0.0,0.0,0.0,0.0,0.0,0.0,0.0,0.0,9350.0
1993-05-29,16,2.075202238,2.106953717,-0.03175147899999997,0.0,0.0,0.0,0.0,0.0,0.0,0.0,0.0,0.0,0.0,0.0,0.0,0.0,0.0,0.0,9200.0
1993-05-30,17,4.638778221,1.44758471,3.191193511,3.191193511,3.191193511,3.191193511,0.0,0.0,0.0,0.0,0.0,0.0,0.0,0.0,0.0,0.0,0.0,0.0,9350.0
1993-05-31,18,2.819196144,2.070458486,0.748737658,3.939931169,3.939931169,3.939931169,0.0,0.0,0.0,0.0,0.0,0.0,0.0,0.0,0.0,0.0,0.0,0.0,10120.0
1993-06-01,19,0.39779829,1.724927395,-1.327129105,2.612802064,2.612802064,2.612802064,0.0,0.0,0.0,0.0,0.0,0.0,0.0,0.0,0.0,0.0,0.0,0.0,12020.0
1993-06-02,20,0.015917988,1.604480425,-1.588562437,1.0242396269999998,1.0242396269999998,1.0242396269999998,0.0,0.0,0.0,0.0,0.0,0.0,0.0,0.0,0.0,0.0,0.0,0.0,16960.0
1993-06-03,21,16.16688856,0.677656509,15.489232051,16.513471678,16.513471678,16.513471678,0.0,0.0,0.0,0.0,0.0,0.0,0.0,0.0,0.0,0.0,0.0,0.0,23630.0
1993-06-04,22,1.174749938,0.616781979,0.557967959,17.071439636999997,17.071439636999997,17.071439636999997,0.0,0.0,0.0,0.0,0.0,0.0,0.0,0.0,0.0,0.0,0.0,0.0,24060.0
1993-06-05,23,0.0,2.270130139,-2.270130139,14.801309497999998,14.801309497999998,14.801309497999998,0.0,0.0,0.0,0.0,0.0,0.0,0.0,0.0,0.0,0.0,0.0,0.0,24060.0
1993-06-06,24,0.003662211,1.571291832,-1.567629621,13.233679876999998,13.233679876999998,13.233679876999998,0.0,0.0,0.0,0.0,0.0,0.0,0.0,0.0,0.0,0.0,0.0,0.0,23100.0
1993-06-07,25,0.04410277,1.373437326,-1.3293345559999998,11.904345321,11.904345321,11.904345321,0.0,0.0,0.0,0.0,0.0,0.0,0.0,0.0,0.0,0.0,0.0,0.0,21870.0
1993-06-08,26,1.589453369,1.296929399,0.29252396999999997,12.196869290999999,12.196869290999999,12.196869290999999,0.0,0.0,0.0,0.0,0.0,0.0,0.0,0.0,0.0,0.0,0.0,0.0,19890.0
1993-06-09,27,0.0,0.908090275,-0.908090275,11.288779016,11.288779016,11.288779016,0.0,0.0,0.0,0.0,0.0,0.0,0.0,0.0,0.0,0.0,0.0,0.0,18190.0
1993-06-10,28,0.005965763,1.150391351,-1.1444255879999998,10.144353427999999,10.144353427999999,10.144353427999999,0.0,0.0,0.0,0.0,0.0,0.0,0.0,0.0,0.0,0.0,0.0,0.0,16510.0
1993-06-11,29,0.055246242,1.383906641,-1.328660399,8.815693028999998,8.815693028999998,8.815693028999998,0.0,0.0,0.0,0.0,0.0,0.0,0.0,0.0,0.0,0.0,0.0,0.0,15550.0
1993-06-12,30,0.105448627,1.377382109,-1.2719334820000001,7.543759546999999,7.543759546999999,7.543759546999999,0.0,0.0,0.0,0.0,0.0,0.0,0.0,0.0,0.0,0.0,0.0,0.0,14630.0
1993-06-13,31,0.054653221,0.295244462,-0.24059124099999998,7.303168305999999,7.303168305999999,7.303168305999999,0.0,0.0,0.0,0.0,0.0,0.0,0.0,0.0,0.0,0.0,0.0,0.0,13490.0
1993-06-14,32,0.0,0.606118608,-0.606118608,6.697049697999999,6.697049697999999,6.697049697999999,0.0,0.0,0.0,0.0,0.0,0.0,0.0,0.0,0.0,0.0,0.0,0.0,12560.0
1993-06-15,33,0.0,0.741290409,-0.741290409,5.955759288999999,5.955759288999999,5.955759288999999,0.0,0.0,0.0,0.0,0.0,0.0,0.0,0.0,0.0,0.0,0.0,0.0,11840.0
1993-06-16,34,0.102777701,1.180503078,-1.0777253770000002,4.8780339119999985,4.8780339119999985,4.8780339119999985,0.0,0.0,0.0,0.0,0.0,0.0,0.0,0.0,0.0,0.0,0.0,0.0,11660.0
1993-06-17,35,0.0,2.112322775,-2.112322775,2.7657111369999985,2.7657111369999985,2.7657111369999985,0.0,0.0,0.0,0.0,0.0,0.0,0.0,0.0,0.0,0.0,0.0,0.0,11750.0
1993-06-18,36,0.00677981,1.468121821,-1.461342011,1.3043691259999985,1.3043691259999985,1.3043691259999985,0.0,0.0,0.0,0.0,0.0,0.0,0.0,0.0,0.0,0.0,0.0,0.0,11750.0
1993-06-19,37,0.0,1.917026094,-1.917026094,0.0,0.0,0.0,0.0,0.0,0.0,0.0,0.0,0.0,0.0,0.0,0.0,0.0,0.0,0.0,11750.0
1993-06-20,38,0.0,0.38472008,-0.38472008,0.0,0.0,0.0,0.0,0.0,0.0,0.0,0.0,0.0,0.0,0.0,0.0,0.0,0.0,0.0,11750.0
1993-06-21,39,0.0,1.101046038,-1.101046038,0.0,0.0,0.0,0.0,0.0,0.0,0.0,0.0,0.0,0.0,0.0,0.0,0.0,0.0,0.0,11660.0
1993-06-22,40,0.0,1.18681052,-1.18681052,0.0,0.0,0.0,0.0,0.0,0.0,0.0,0.0,0.0,0.0,0.0,0.0,0.0,0.0,0.0,11170.0
1993-06-23,41,0.0,1.073451275,-1.073451275,0.0,0.0,0.0,0.0,0.0,0.0,0.0,0.0,0.0,0.0,0.0,0.0,0.0,0.0,0.0,10760.0
1993-06-24,42,0.0,0.805035041,-0.805035041,0.0,0.0,0.0,0.0,0.0,0.0,0.0,0.0,0.0,0.0,0.0,0.0,0.0,0.0,0.0,10500.0
1993-06-25,43,0.0,1.279407107,-1.279407107,0.0,0.0,0.0,0.0,0.0,0.0,0.0,0.0,0.0,0.0,0.0,0.0,0.0,0.0,0.0,9890.0
1993-06-26,44,0.0,1.754520218,-1.754520218,0.0,0.0,0.0,0.0,0.0,0.0,0.0,0.0,0.0,0.0,0.0,0.0,0.0,0.0,0.0,9210.0
1993-06-27,45,0.0,2.052776803,-2.052776803,0.0,0.0,0.0,0.0,0.0,0.0,0.0,0.0,0.0,0.0,0.0,0.0,0.0,0.0,0.0,8330.0
1993-06-28,46,0.0,1.541730555,-1.541730555,0.0,0.0,0.0,0.0,0.0,0.0,0.0,0.0,0.0,0.0,0.0,0.0,0.0,0.0,0.0,7430.0
1993-06-29,47,0.185153628,1.719282142,-1.534128514,0.0,0.0,0.0,0.0,0.0,0.0,0.0,0.0,0.0,0.0,0.0,0.0,0.0,0.0,0.0,6120.0
1993-06-30,48,0.146240364,1.391002792,-1.244762428,0.0,0.0,0.0,0.0,0.0,0.0,0.0,0.0,0.0,0.0,0.0,0.0,0.0,0.0,0.0,5310.0
1993-07-01,49,0.10008102,1.72592881,-1.6258477900000001,0.0,0.0,0.0,0.0,0.0,0.0,0.0,0.0,0.0,0.0,0.0,0.0,0.0,0.0,0.0,5380.0
1993-07-02,50,0.306977542,1.932082259,-1.625104717,0.0,0.0,0.0,0.0,0.0,0.0,0.0,0.0,0.0,0.0,0.0,0.0,0.0,0.0,0.0,5250.0
1993-07-03,51,4.78e-07,2.150252498,-2.15025202,0.0,0.0,0.0,0.0,0.0,0.0,0.0,0.0,0.0,0.0,0.0,0.0,0.0,0.0,0.0,5050.0
1993-07-04,52,0.0,1.966845399,-1.966845399,0.0,0.0,0.0,0.0,0.0,0.0,0.0,0.0,0.0,0.0,0.0,0.0,0.0,0.0,0.0,5050.0
1993-07-05,53,0.023662102,1.826796659,-1.803134557,0.0,0.0,0.0,0.0,0.0,0.0,0.0,0.0,0.0,0.0,0.0,0.0,0.0,0.0,0.0,4730.0
1993-07-06,54,4.95e-05,1.818088147,-1.818038647,0.0,0.0,0.0,0.0,0.0,0.0,0.0,0.0,0.0,0.0,0.0,0.0,0.0,0.0,0.0,3590.0
1993-07-07,55,0.01820438,1.434634067,-1.416429687,0.0,0.0,0.0,0.0,0.0,0.0,0.0,0.0,0.0,0.0,0.0,0.0,0.0,0.0,0.0,2810.0
1993-07-08,56,0.567404224,1.645587211,-1.078182987,0.0,0.0,0.0,0.0,0.0,0.0,0.0,0.0,0.0,0.0,0.0,0.0,0.0,0.0,0.0,2880.0
1993-07-09,57,0.27209937,0.958943206,-0.686843836,0.0,0.0,0.0,0.0,0.0,0.0,0.0,0.0,0.0,0.0,0.0,0.0,0.0,0.0,0.0,3110.0
1993-07-10,58,3.142890531,0.834516666,2.308373865,2.308373865,2.308373865,2.308373865,0.0,0.0,0.0,0.0,0.0,0.0,0.0,0.0,0.0,0.0,0.0,0.0,5410.0
1993-07-11,59,19.95361636,0.799277746,19.154338614,21.462712479,21.462712479,21.462712479,0.0,0.0,0.0,0.0,0.0,0.0,0.0,0.0,0.0,0.0,0.0,0.0,10860.0
1993-07-12,60,9.809749719,1.488752544,8.320997174999999,29.783709654,29.783709654,29.783709654,0.0,0.0,0.0,0.0,0.0,0.0,0.0,0.0,0.0,0.0,0.0,0.0,16250.0
1993-07-13,61,0.307479106,1.662711854,-1.3552327480000002,28.428476906,28.428476906,28.428476906,0.0,0.0,0.0,0.0,0.0,0.0,0.0,0.0,0.0,0.0,0.0,0.0,18670.0
1993-07-14,62,0.613875674,2.11054672,-1.496671046,26.93180586,26.93180586,26.93180586,0.0,0.0,0.0,0.0,0.0,0.0,0.0,0.0,0.0,0.0,0.0,0.0,18660.0
1993-07-15,63,0.018896115,2.358680092,-2.339783977,24.592021883,24.592021883,24.592021883,0.0,0.0,0.0,0.0,0.0,0.0,0.0,0.0,0.0,0.0,0.0,0.0,17330.0
1993-07-16,64,0.0,1.722851535,-1.722851535,22.869170348,22.869170348,22.869170348,0.0,0.0,0.0,0.0,0.0,0.0,0.0,0.0,0.0,0.0,0.0,0.0,15400.0
1993-07-17,65,0.0,1.97484151,-1.97484151,20.894328838,20.894328838,20.894328838,0.0,0.0,0.0,0.0,0.0,0.0,0.0,0.0,0.0,0.0,0.0,0.0,14230.0
1993-07-18,66,0.000695806,2.168041829,-2.167346023,18.726982815,18.726982815,18.726982815,0.0,0.0,0.0,0.0,0.0,0.0,0.0,0.0,0.0,0.0,0.0,0.0,12390.0
1993-07-19,67,0.002480697,1.429744996,-1.427264299,17.299718516,17.299718516,17.299718516,0.0,0.0,0.0,0.0,0.0,0.0,0.0,0.0,0.0,0.0,0.0,0.0,11750.0
1993-07-20,68,0.138054725,1.494583266,-1.356528541,15.943189975,15.943189975,15.943189975,0.0,0.0,0.0,0.0,0.0,0.0,0.0,0.0,0.0,0.0,0.0,0.0,11360.0
1993-07-21,69,0.437405965,0.701579003,-0.26417303799999997,15.679016937,15.679016937,15.679016937,0.0,0.0,0.0,0.0,0.0,0.0,0.0,0.0,0.0,0.0,0.0,0.0,11040.0
1993-07-22,70,0.295092708,1.017009744,-0.7219170360000001,14.957099901,14.957099901,14.957099901,0.0,0.0,0.0,0.0,0.0,0.0,0.0,0.0,0.0,0.0,0.0,0.0,9230.0
1993-07-23,71,0.103531489,1.975625365,-1.8720938759999999,13.085006025,13.085006025,13.085006025,0.0,0.0,0.0,0.0,0.0,0.0,0.0,0.0,0.0,0.0,0.0,0.0,9460.0
1993-07-24,72,0.00298795,2.80973457,-2.8067466199999997,10.278259405,10.278259405,10.278259405,0.0,0.0,0.0,0.0,0.0,0.0,0.0,0.0,0.0,0.0,0.0,0.0,9590.0
1993-07-25,73,0.001704202,2.009893173,-2.008188971,8.270070434,8.270070434,8.270070434,0.0,0.0,0.0,0.0,0.0,0.0,0.0,0.0,0.0,0.0,0.0,0.0,9830.0
1993-07-26,74,0.456793538,2.560013902,-2.1032203640000002,6.166850070000001,6.166850070000001,6.166850070000001,0.0,0.0,0.0,0.0,0.0,0.0,0.0,0.0,0.0,0.0,0.0,0.0,10930.0
1993-07-27,75,10.03246967,2.585165348,7.447304321999999,13.614154392,13.614154392,13.614154392,0.0,0.0,0.0,0.0,0.0,0.0,0.0,0.0,0.0,0.0,0.0,0.0,15470.0
1993-07-28,76,0.08120056,1.761739582,-1.6805390219999998,11.93361537,11.93361537,11.93361537,0.0,0.0,0.0,0.0,0.0,0.0,0.0,0.0,0.0,0.0,0.0,0.0,20400.0
1993-07-29,77,0.904421925,1.981676867,-1.0772549420000002,10.856360428,10.856360428,10.856360428,0.0,0.0,0.0,0.0,0.0,0.0,0.0,0.0,0.0,0.0,0.0,0.0,21340.0
1993-07-30,78,0.110017919,2.444941816,-2.334923897,8.521436531,8.521436531,8.521436531,0.0,0.0,0.0,0.0,0.0,0.0,0.0,0.0,0.0,0.0,0.0,0.0,20510.0
1993-07-31,79,0.0,2.529524351,-2.529524351,5.991912180000001,5.991912180000001,5.991912180000001,0.0,0.0,0.0,0.0,0.0,0.0,0.0,0.0,0.0,0.0,0.0,0.0,18760.0
1993-08-01,80,0.0,1.827504564,-1.827504564,4.164407616000001,4.164407616000001,4.164407616000001,0.0,0.0,0.0,0.0,0.0,0.0,0.0,0.0,0.0,0.0,0.0,0.0,17240.0
1993-08-02,81,0.011367288,2.104370284,-2.0930029959999996,2.0714046200000014,2.0714046200000014,2.0714046200000014,0.0,0.0,0.0,0.0,0.0,0.0,0.0,0.0,0.0,0.0,0.0,0.0,16590.0
1993-08-03,82,0.0,1.713086326,-1.713086326,0.35831829400000137,0.35831829400000137,0.35831829400000137,0.0,0.0,0.0,0.0,0.0,0.0,0.0,0.0,0.0,0.0,0.0,0.0,16290.0
1993-08-04,83,0.0,0.742174617,-0.742174617,0.0,0.0,0.0,0.0,0.0,0.0,0.0,0.0,0.0,0.0,0.0,0.0,0.0,0.0,0.0,15280.0
1993-08-05,84,0.0,1.594376767,-1.594376767,0.0,0.0,0.0,0.0,0.0,0.0,0.0,0.0,0.0,0.0,0.0,0.0,0.0,0.0,0.0,13140.0
1993-08-06,85,0.0,1.39618397,-1.39618397,0.0,0.0,0.0,0.0,0.0,0.0,0.0,0.0,0.0,0.0,0.0,0.0,0.0,0.0,0.0,11370.0
1993-08-07,86,0.0,1.756318044,-1.756318044,0.0,0.0,0.0,0.0,0.0,0.0,0.0,0.0,0.0,0.0,0.0,0.0,0.0,0.0,0.0,10290.0
1993-08-08,87,0.0,1.950921555,-1.950921555,0.0,0.0,0.0,0.0,0.0,0.0,0.0,0.0,0.0,0.0,0.0,0.0,0.0,0.0,0.0,9400.0
1993-08-09,88,0.0,1.67202666,-1.67202666,0.0,0.0,0.0,0.0,0.0,0.0,0.0,0.0,0.0,0.0,0.0,0.0,0.0,0.0,0.0,8660.0
1993-08-10,89,0.0,1.779614575,-1.779614575,0.0,0.0,0.0,0.0,0.0,0.0,0.0,0.0,0.0,0.0,0.0,0.0,0.0,0.0,0.0,7500.0
1993-08-11,90,0.0,0.852700119,-0.852700119,0.0,0.0,0.0,0.0,0.0,0.0,0.0,0.0,0.0,0.0,0.0,0.0,0.0,0.0,0.0,6880.0
1993-08-12,91,0.0,1.629388107,-1.629388107,0.0,0.0,0.0,0.0,0.0,0.0,0.0,0.0,0.0,0.0,0.0,0.0,0.0,0.0,0.0,6800.0
1993-08-13,92,0.0,2.883669766,-2.883669766,0.0,0.0,0.0,0.0,0.0,0.0,0.0,0.0,0.0,0.0,0.0,0.0,0.0,0.0,0.0,6240.0
1993-08-14,93,0.0,2.813458983,-2.813458983,0.0,0.0,0.0,0.0,0.0,0.0,0.0,0.0,0.0,0.0,0.0,0.0,0.0,0.0,0.0,5880.0
1993-08-15,94,0.0,2.978982903,-2.978982903,0.0,0.0,0.0,0.0,0.0,0.0,0.0,0.0,0.0,0.0,0.0,0.0,0.0,0.0,0.0,4980.0
1993-08-16,95,0.0,2.974452506,-2.974452506,0.0,0.0,0.0,0.0,0.0,0.0,0.0,0.0,0.0,0.0,0.0,0.0,0.0,0.0,0.0,4410.0
1993-08-17,96,0.0,0.623064689,-0.623064689,0.0,0.0,0.0,0.0,0.0,0.0,0.0,0.0,0.0,0.0,0.0,0.0,0.0,0.0,0.0,4000.0
1993-08-18,97,0.0,1.34163825,-1.34163825,0.0,0.0,0.0,0.0,0.0,0.0,0.0,0.0,0.0,0.0,0.0,0.0,0.0,0.0,0.0,3300.0
1993-08-19,98,0.0,2.97324884,-2.97324884,0.0,0.0,0.0,0.0,0.0,0.0,0.0,0.0,0.0,0.0,0.0,0.0,0.0,0.0,0.0,3070.0
1993-08-20,99,0.0,3.42549559,-3.42549559,0.0,0.0,0.0,0.0,0.0,0.0,0.0,0.0,0.0,0.0,0.0,0.0,0.0,0.0,0.0,3070.0
1993-08-21,100,0.0,3.327717096,-3.327717096,0.0,0.0,0.0,0.0,0.0,0.0,0.0,0.0,0.0,0.0,0.0,0.0,0.0,0.0,0.0,3070.0
1993-08-22,101,0.0,2.008041961,-2.008041961,0.0,0.0,0.0,0.0,0.0,0.0,0.0,0.0,0.0,0.0,0.0,0.0,0.0,0.0,0.0,2580.0
1993-08-23,102,0.0,3.100726518,-3.100726518,0.0,0.0,0.0,0.0,0.0,0.0,0.0,0.0,0.0,0.0,0.0,0.0,0.0,0.0,0.0,2170.0
1993-08-24,103,0.0,2.575658401,-2.575658401,0.0,0.0,0.0,0.0,0.0,0.0,0.0,0.0,0.0,0.0,0.0,0.0,0.0,0.0,0.0,2009.9999999999998
1993-08-25,104,0.825805305,1.832997101,-1.0071917959999999,0.0,0.0,0.0,0.0,0.0,0.0,0.0,0.0,0.0,0.0,0.0,0.0,0.0,0.0,0.0,1940.0
1993-08-26,105,2.401747128,3.26562101,-0.863873882,0.0,0.0,0.0,0.0,0.0,0.0,0.0,0.0,0.0,0.0,0.0,0.0,0.0,0.0,0.0,2009.9999999999998
1993-08-27,106,0.203906015,2.812688456,-2.6087824410000002,0.0,0.0,0.0,0.0,0.0,0.0,0.0,0.0,0.0,0.0,0.0,0.0,0.0,0.0,0.0,2070.0
1993-08-28,107,2.150347035,2.344309511,-0.19396247600000027,0.0,0.0,0.0,0.0,0.0,0.0,0.0,0.0,0.0,0.0,0.0,0.0,0.0,0.0,0.0,2230.0
1993-08-29,108,10.0210114,1.567855687,8.453155713000001,8.453155713000001,8.453155713000001,8.453155713000001,0.0,0.0,0.0,0.0,0.0,0.0,0.0,0.0,0.0,0.0,0.0,0.0,3120.0
1993-08-30,109,3.392251918,2.765247727,0.6270041909999997,9.080159904,9.080159904,9.080159904,0.0,0.0,0.0,0.0,0.0,0.0,0.0,0.0,0.0,0.0,0.0,0.0,6860.0
1993-08-31,110,0.759310843,2.955691387,-2.196380544,6.88377936,6.88377936,6.88377936,0.0,0.0,0.0,0.0,0.0,0.0,0.0,0.0,0.0,0.0,0.0,0.0,11560.0
1993-09-01,111,0.567313237,2.632330123,-2.065016886,4.818762474,4.818762474,4.818762474,0.0,0.0,0.0,0.0,0.0,0.0,0.0,0.0,0.0,0.0,0.0,0.0,12610.0
1993-09-02,112,0.432756218,1.45192816,-1.019171942,3.799590532,3.799590532,3.799590532,0.0,0.0,0.0,0.0,0.0,0.0,0.0,0.0,0.0,0.0,0.0,0.0,13310.0
1993-09-03,113,4.673088922,2.750184016,1.9229049059999999,5.722495437999999,5.722495437999999,5.722495437999999,0.0,0.0,0.0,0.0,0.0,0.0,0.0,0.0,0.0,0.0,0.0,0.0,13050.0
1993-09-04,114,5.4e-05,2.730509201,-2.730455201,2.9920402369999994,2.9920402369999994,2.9920402369999994,0.0,0.0,0.0,0.0,0.0,0.0,0.0,0.0,0.0,0.0,0.0,0.0,12790.0
1993-09-05,115,0.0,2.681213053,-2.681213053,0.3108271839999994,0.3108271839999994,0.3108271839999994,0.0,0.0,0.0,0.0,0.0,0.0,0.0,0.0,0.0,0.0,0.0,0.0,12190.0
1993-09-06,116,0.0,1.738944262,-1.738944262,0.0,0.0,0.0,0.0,0.0,0.0,0.0,0.0,0.0,0.0,0.0,0.0,0.0,0.0,0.0,11200.0
1993-09-07,117,1.024874447,2.862748219,-1.8378737720000002,0.0,0.0,0.0,0.0,0.0,0.0,0.0,0.0,0.0,0.0,0.0,0.0,0.0,0.0,0.0,9820.0
1993-09-08,118,0.018233323,3.760249008,-3.742015685,0.0,0.0,0.0,0.0,0.0,0.0,0.0,0.0,0.0,0.0,0.0,0.0,0.0,0.0,0.0,8730.0
1993-09-09,119,0.013042053,3.484301591,-3.471259538,0.0,0.0,0.0,0.0,0.0,0.0,0.0,0.0,0.0,0.0,0.0,0.0,0.0,0.0,0.0,6660.0
1993-09-10,120,1.89181994,2.846556776,-0.9547368359999999,0.0,0.0,0.0,0.0,0.0,0.0,0.0,0.0,0.0,0.0,0.0,0.0,0.0,0.0,0.0,6000.0
1993-09-11,121,0.0,3.528509613,-3.528509613,0.0,0.0,0.0,0.0,0.0,0.0,0.0,0.0,0.0,0.0,0.0,0.0,0.0,0.0,0.0,4840.0
1993-09-12,122,0.0,3.586933449,-3.586933449,0.0,0.0,0.0,0.0,0.0,0.0,0.0,0.0,0.0,0.0,0.0,0.0,0.0,0.0,0.0,3800.0
1993-09-13,123,0.001299762,2.745840936,-2.744541174,0.0,0.0,0.0,0.0,0.0,0.0,0.0,0.0,0.0,0.0,0.0,0.0,0.0,0.0,0.0,3380.0
1993-09-14,124,2.697196193,2.090210417,0.6069857759999997,0.6069857759999997,0.6069857759999997,0.6069857759999997,0.0,0.0,0.0,0.0,0.0,0.0,0.0,0.0,0.0,0.0,0.0,0.0,4160.0
1993-09-15,125,21.61935953,3.519583888,18.099775642,18.706761418,18.706761418,18.706761418,0.0,0.0,0.0,0.0,0.0,0.0,0.0,0.0,0.0,0.0,0.0,0.0,7600.0
1993-09-16,126,0.0,3.361396478,-3.361396478,15.34536494,15.34536494,15.34536494,0.0,0.0,0.0,0.0,0.0,0.0,0.0,0.0,0.0,0.0,0.0,0.0,9400.0
1993-09-17,127,0.576071723,2.652590581,-2.076518858,13.268846082,13.268846082,13.268846082,0.0,0.0,0.0,0.0,0.0,0.0,0.0,0.0,0.0,0.0,0.0,0.0,13790.0
1993-09-18,128,0.0,3.763520735,-3.763520735,9.505325347,9.505325347,9.505325347,0.0,0.0,0.0,0.0,0.0,0.0,0.0,0.0,0.0,0.0,0.0,0.0,17420.0
1993-09-19,129,0.0,3.583644429,-3.583644429,5.921680918,5.921680918,5.921680918,0.0,0.0,0.0,0.0,0.0,0.0,0.0,0.0,0.0,0.0,0.0,0.0,15040.0
1993-09-20,130,0.0,4.280493973,-4.280493973,1.6411869450000003,1.6411869450000003,1.6411869450000003,0.0,0.0,0.0,0.0,0.0,0.0,0.0,0.0,0.0,0.0,0.0,0.0,12330.0
1993-09-21,131,0.0,1.400979812,-1.400979812,0.24020713300000018,0.24020713300000018,0.24020713300000018,0.0,0.0,0.0,0.0,0.0,0.0,0.0,0.0,0.0,0.0,0.0,0.0,9440.0
1993-09-22,132,0.0,0.37762206,-0.37762206,0.0,0.0,0.0,0.0,0.0,0.0,0.0,0.0,0.0,0.0,0.0,0.0,0.0,0.0,0.0,7410.0
1993-09-23,133,9.326651608,1.28569784,8.040953768000001,8.040953768000001,8.040953768000001,8.040953768000001,0.0,0.0,0.0,0.0,0.0,0.0,0.0,0.0,0.0,0.0,0.0,0.0,6780.0
1993-09-24,134,4.506119866,4.358194452,0.14792541399999948,8.188879182,8.188879182,8.188879182,0.0,0.0,0.0,0.0,0.0,0.0,0.0,0.0,0.0,0.0,0.0,0.0,6970.0
1993-09-25,135,0.063390247,4.731148118,-4.667757871,3.521121311000001,3.521121311000001,3.521121311000001,0.0,0.0,0.0,0.0,0.0,0.0,0.0,0.0,0.0,0.0,0.0,0.0,6970.0
1993-09-26,136,0.0,3.994049971,-3.994049971,0.0,0.0,0.0,0.0,0.0,0.0,0.0,0.0,0.0,0.0,0.0,0.0,0.0,0.0,0.0,6780.0
1993-09-27,137,0.04300039,4.315181387,-4.2721809969999995,0.0,0.0,0.0,0.0,0.0,0.0,0.0,0.0,0.0,0.0,0.0,0.0,0.0,0.0,0.0,7410.0
1993-09-28,138,0.0,4.249873774,-4.249873774,0.0,0.0,0.0,0.0,0.0,0.0,0.0,0.0,0.0,0.0,0.0,0.0,0.0,0.0,0.0,7580.0
1993-09-29,139,0.0,4.629045191,-4.629045191,0.0,0.0,0.0,0.0,0.0,0.0,0.0,0.0,0.0,0.0,0.0,0.0,0.0,0.0,0.0,5970.0
1993-09-30,140,0.0,3.42641831,-3.42641831,0.0,0.0,0.0,0.0,0.0,0.0,0.0,0.0,0.0,0.0,0.0,0.0,0.0,0.0,0.0,4760.0
1993-10-01,141,0.028585758,4.096714048,-4.06812829,0.0,0.0,0.0,0.0,0.0,0.0,0.0,0.0,0.0,0.0,0.0,0.0,0.0,0.0,0.0,4000.0
1993-10-02,142,0.0,4.56519293,-4.56519293,0.0,0.0,0.0,0.0,0.0,0.0,0.0,0.0,0.0,0.0,0.0,0.0,0.0,0.0,0.0,3390.0
1993-10-03,143,0.0,4.717884736,-4.717884736,0.0,0.0,0.0,0.0,0.0,0.0,0.0,0.0,0.0,0.0,0.0,0.0,0.0,0.0,0.0,2940.0
1993-10-04,144,0.0,2.274422128,-2.274422128,0.0,0.0,0.0,0.0,0.0,0.0,0.0,0.0,0.0,0.0,0.0,0.0,0.0,0.0,0.0,2410.0
1993-10-05,145,4.549251406,3.262390248,1.2868611579999998,1.2868611579999998,1.2868611579999998,1.2868611579999998,0.0,0.0,0.0,0.0,0.0,0.0,0.0,0.0,0.0,0.0,0.0,0.0,2160.0
1993-10-06,146,0.052105984,4.533801966,-4.481695982000001,0.0,0.0,0.0,0.0,0.0,0.0,0.0,0.0,0.0,0.0,0.0,0.0,0.0,0.0,0.0,2250.0
1993-10-07,147,0.0,4.422707547,-4.422707547,0.0,0.0,0.0,0.0,0.0,0.0,0.0,0.0,0.0,0.0,0.0,0.0,0.0,0.0,0.0,2100.0
1993-10-08,148,0.0,5.534690393,-5.534690393,0.0,0.0,0.0,0.0,0.0,0.0,0.0,0.0,0.0,0.0,0.0,0.0,0.0,0.0,0.0,1840.0
1993-10-09,149,0.0,5.06185028,-5.06185028,0.0,0.0,0.0,0.0,0.0,0.0,0.0,0.0,0.0,0.0,0.0,0.0,0.0,0.0,0.0,1330.0
1993-10-10,150,0.0,4.285157553,-4.285157553,0.0,0.0,0.0,0.0,0.0,0.0,0.0,0.0,0.0,0.0,0.0,0.0,0.0,0.0,0.0,1380.0
1993-10-11,151,0.0,2.649965729,-2.649965729,0.0,0.0,0.0,0.0,0.0,0.0,0.0,0.0,0.0,0.0,0.0,0.0,0.0,0.0,0.0,1380.0
1993-10-12,152,1.267467807,2.965272799,-1.697804992,0.0,0.0,0.0,0.0,0.0,0.0,0.0,0.0,0.0,0.0,0.0,0.0,0.0,0.0,0.0,1380.0
1993-10-13,153,0.368756749,3.85696518,-3.488208431,0.0,0.0,0.0,0.0,0.0,0.0,0.0,0.0,0.0,0.0,0.0,0.0,0.0,0.0,0.0,1320.0
1993-10-14,154,0.000353901,3.659858237,-3.659504336,0.0,0.0,0.0,0.0,0.0,0.0,0.0,0.0,0.0,0.0,0.0,0.0,0.0,0.0,0.0,1250.0
1993-10-15,155,0.005344797,2.257923773,-2.252578976,0.0,0.0,0.0,0.0,0.0,0.0,0.0,0.0,0.0,0.0,0.0,0.0,0.0,0.0,0.0,1250.0
1993-10-16,156,3.104693076,2.917200868,0.1874922080000001,0.1874922080000001,0.1874922080000001,0.1874922080000001,0.0,0.0,0.0,0.0,0.0,0.0,0.0,0.0,0.0,0.0,0.0,0.0,1250.0
1993-10-17,157,1.955948099,4.211884825,-2.2559367260000003,0.0,0.0,0.0,0.0,0.0,0.0,0.0,0.0,0.0,0.0,0.0,0.0,0.0,0.0,0.0,1220.0
1993-10-18,158,0.047911445,4.560647514,-4.512736069000001,0.0,0.0,0.0,0.0,0.0,0.0,0.0,0.0,0.0,0.0,0.0,0.0,0.0,0.0,0.0,1170.0
1993-10-19,159,3.251097058,2.694452912,0.556644146,0.556644146,0.556644146,0.556644146,0.0,0.0,0.0,0.0,0.0,0.0,0.0,0.0,0.0,0.0,0.0,0.0,1170.0
1993-10-20,160,1.17e-06,0.538679485,-0.538678315,0.017965831000000043,0.017965831000000043,0.017965831000000043,0.0,0.0,0.0,0.0,0.0,0.0,0.0,0.0,0.0,0.0,0.0,0.0,1170.0
1993-10-21,161,7.908045018,4.120812757,3.7872322609999998,3.805198092,3.805198092,3.805198092,0.0,0.0,0.0,0.0,0.0,0.0,0.0,0.0,0.0,0.0,0.0,0.0,1170.0
1993-10-22,162,0.0,4.255162732,-4.255162732,0.0,0.0,0.0,0.0,0.0,0.0,0.0,0.0,0.0,0.0,0.0,0.0,0.0,0.0,0.0,1170.0
1993-10-23,163,0.059304037,4.180348244,-4.121044207,0.0,0.0,0.0,0.0,0.0,0.0,0.0,0.0,0.0,0.0,0.0,0.0,0.0,0.0,0.0,1080.0
1993-10-24,164,0.185812874,4.608555945,-4.422743071,0.0,0.0,0.0,0.0,0.0,0.0,0.0,0.0,0.0,0.0,0.0,0.0,0.0,0.0,0.0,910.0
1993-10-25,165,2.189636951,4.364358546,-2.174721595,0.0,0.0,0.0,0.0,0.0,0.0,0.0,0.0,0.0,0.0,0.0,0.0,0.0,0.0,0.0,840.0
1993-10-26,166,0.259151046,4.79888556,-4.539734514,0.0,0.0,0.0,0.0,0.0,0.0,0.0,0.0,0.0,0.0,0.0,0.0,0.0,0.0,0.0,800.0
1993-10-27,167,0.0,4.572303366,-4.572303366,0.0,0.0,0.0,0.0,0.0,0.0,0.0,0.0,0.0,0.0,0.0,0.0,0.0,0.0,0.0,730.0
1993-10-28,168,0.051365931,4.267545268,-4.216179337,0.0,0.0,0.0,0.0,0.0,0.0,0.0,0.0,0.0,0.0,0.0,0.0,0.0,0.0,0.0,710.0
1993-10-29,169,0.038564538,4.243053559,-4.204489021,0.0,0.0,0.0,0.0,0.0,0.0,0.0,0.0,0.0,0.0,0.0,0.0,0.0,0.0,0.0,700.0
1993-10-30,170,8.610580872,4.180519205,4.4300616669999995,4.4300616669999995,4.4300616669999995,4.4300616669999995,0.0,0.0,0.0,0.0,0.0,0.0,0.0,0.0,0.0,0.0,0.0,0.0,690.0
1993-10-31,171,11.51140892,2.898694992,8.612713928,13.042775594999998,13.042775594999998,13.042775594999998,0.0,0.0,0.0,0.0,0.0,0.0,0.0,0.0,0.0,0.0,0.0,0.0,1090.0
1993-11-01,172,5.986977336,3.710113499,2.2768638369999996,15.319639431999999,15.319639431999999,15.319639431999999,0.0,0.0,0.0,0.0,0.0,0.0,0.0,0.0,0.0,0.0,0.0,0.0,1270.0
1993-11-02,173,0.181952274,3.77466228,-3.592710006,11.726929425999998,11.726929425999998,11.726929425999998,0.0,0.0,0.0,0.0,0.0,0.0,0.0,0.0,0.0,0.0,0.0,0.0,1060.0
1993-11-03,174,0.02009727,4.986201767,-4.966104497,6.760824928999998,6.760824928999998,6.760824928999998,0.0,0.0,0.0,0.0,0.0,0.0,0.0,0.0,0.0,0.0,0.0,0.0,920.0
1993-11-04,175,0.0,4.433542218,-4.433542218,2.327282710999998,2.327282710999998,2.327282710999998,0.0,0.0,0.0,0.0,0.0,0.0,0.0,0.0,0.0,0.0,0.0,0.0,920.0
1993-11-05,176,0.0,3.694618683,-3.694618683,0.0,0.0,0.0,0.0,0.0,0.0,0.0,0.0,0.0,0.0,0.0,0.0,0.0,0.0,0.0,950.0
1993-11-06,177,0.0,5.366393287,-5.366393287,0.0,0.0,0.0,0.0,0.0,0.0,0.0,0.0,0.0,0.0,0.0,0.0,0.0,0.0,0.0,950.0
1993-11-07,178,0.0296762,5.310217708,-5.280541508,0.0,0.0,0.0,0.0,0.0,0.0,0.0,0.0,0.0,0.0,0.0,0.0,0.0,0.0,0.0,950.0
1993-11-08,179,0.010103324,6.317817984,-6.30771466,0.0,0.0,0.0,0.0,0.0,0.0,0.0,0.0,0.0,0.0,0.0,0.0,0.0,0.0,0.0,950.0
1993-11-09,180,0.001949644,4.397018299,-4.395068655,0.0,0.0,0.0,0.0,0.0,0.0,0.0,0.0,0.0,0.0,0.0,0.0,0.0,0.0,0.0,950.0
1993-11-10,181,2.723259554,3.406180079,-0.6829205249999997,0.0,0.0,0.0,0.0,0.0,0.0,0.0,0.0,0.0,0.0,0.0,0.0,0.0,0.0,0.0,950.0
1993-11-11,182,0.819074633,2.347301197,-1.5282265640000001,0.0,0.0,0.0,0.0,0.0,0.0,0.0,0.0,0.0,0.0,0.0,0.0,0.0,0.0,0.0,950.0
1993-11-12,183,0.039537025,4.185578016,-4.146040991,0.0,0.0,0.0,0.0,0.0,0.0,0.0,0.0,0.0,0.0,0.0,0.0,0.0,0.0,0.0,950.0
1993-11-13,184,0.121447925,2.1060319,-1.984583975,0.0,0.0,0.0,0.0,0.0,0.0,0.0,0.0,0.0,0.0,0.0,0.0,0.0,0.0,0.0,950.0
1993-11-14,185,2.696136848,2.507649586,0.1884872620000002,0.1884872620000002,0.1884872620000002,0.1884872620000002,0.0,0.0,0.0,0.0,0.0,0.0,0.0,0.0,0.0,0.0,0.0,0.0,950.0
1993-11-15,186,0.163712032,5.010035257,-4.846323225,0.0,0.0,0.0,0.0,0.0,0.0,0.0,0.0,0.0,0.0,0.0,0.0,0.0,0.0,0.0,950.0
1993-11-16,187,0.00037665,3.906267735,-3.905891085,0.0,0.0,0.0,0.0,0.0,0.0,0.0,0.0,0.0,0.0,0.0,0.0,0.0,0.0,0.0,950.0
1993-11-17,188,0.0,4.040612295,-4.040612295,0.0,0.0,0.0,0.0,0.0,0.0,0.0,0.0,0.0,0.0,0.0,0.0,0.0,0.0,0.0,890.0
1993-11-18,189,0.0,4.414047565,-4.414047565,0.0,0.0,0.0,0.0,0.0,0.0,0.0,0.0,0.0,0.0,0.0,0.0,0.0,0.0,0.0,760.0
1993-11-19,190,0.0,6.482175677,-6.482175677,0.0,0.0,0.0,0.0,0.0,0.0,0.0,0.0,0.0,0.0,0.0,0.0,0.0,0.0,0.0,660.0
1993-11-20,191,0.0,4.572049218,-4.572049218,0.0,0.0,0.0,0.0,0.0,0.0,0.0,0.0,0.0,0.0,0.0,0.0,0.0,0.0,0.0,570.0
1993-11-21,192,0.053814398,3.327326831,-3.273512433,0.0,0.0,0.0,0.0,0.0,0.0,0.0,0.0,0.0,0.0,0.0,0.0,0.0,0.0,0.0,520.0
1993-11-22,193,5.129684886,2.447411434,2.6822734519999996,2.6822734519999996,2.6822734519999996,2.6822734519999996,0.0,0.0,0.0,0.0,0.0,0.0,0.0,0.0,0.0,0.0,0.0,0.0,520.0
1993-11-23,194,3.539060848,4.606519725,-1.067458877,1.6148145749999996,1.6148145749999996,1.6148145749999996,0.0,0.0,0.0,0.0,0.0,0.0,0.0,0.0,0.0,0.0,0.0,0.0,1150.0
1993-11-24,195,7.447685725,2.046080925,5.4016048,7.016419375,7.016419375,7.016419375,0.0,0.0,0.0,0.0,0.0,0.0,0.0,0.0,0.0,0.0,0.0,0.0,79260.0
1993-11-25,196,3.325687295,5.279169879,-1.9534825840000005,5.062936790999999,5.062936790999999,5.062936790999999,0.0,0.0,0.0,0.0,0.0,0.0,0.0,0.0,0.0,0.0,0.0,0.0,23960.0
1993-11-26,197,0.744034458,5.299147676,-4.555113218,0.5078235729999996,0.5078235729999996,0.5078235729999996,0.0,0.0,0.0,0.0,0.0,0.0,0.0,0.0,0.0,0.0,0.0,0.0,10870.0
1993-11-27,198,0.064807482,6.176215829,-6.111408347,0.0,0.0,0.0,0.0,0.0,0.0,0.0,0.0,0.0,0.0,0.0,0.0,0.0,0.0,0.0,5700.0
1993-11-28,199,0.0,6.471209843,-6.471209843,0.0,0.0,0.0,0.0,0.0,0.0,0.0,0.0,0.0,0.0,0.0,0.0,0.0,0.0,0.0,3270.0
1993-11-29,200,0.0,6.126745617,-6.126745617,0.0,0.0,0.0,0.0,0.0,0.0,0.0,0.0,0.0,0.0,0.0,0.0,0.0,0.0,0.0,2040.0
1993-11-30,201,0.0,4.887615949,-4.887615949,0.0,0.0,0.0,0.0,0.0,0.0,0.0,0.0,0.0,0.0,0.0,0.0,0.0,0.0,0.0,1430.0
1993-12-01,202,0.0,4.945937414,-4.945937414,0.0,0.0,0.0,0.0,0.0,0.0,0.0,0.0,0.0,0.0,0.0,0.0,0.0,0.0,0.0,1130.0
1993-12-02,203,0.0,5.881892883,-5.881892883,0.0,0.0,0.0,0.0,0.0,0.0,0.0,0.0,0.0,0.0,0.0,0.0,0.0,0.0,0.0,970.0
1993-12-03,204,0.053385237,5.903651723,-5.850266486000001,0.0,0.0,0.0,0.0,0.0,0.0,0.0,0.0,0.0,0.0,0.0,0.0,0.0,0.0,0.0,920.0
1993-12-04,205,0.0,5.139103123,-5.139103123,0.0,0.0,0.0,0.0,0.0,0.0,0.0,0.0,0.0,0.0,0.0,0.0,0.0,0.0,0.0,890.0
1993-12-05,206,0.072908831,4.809469856,-4.736561024999999,0.0,0.0,0.0,0.0,0.0,0.0,0.0,0.0,0.0,0.0,0.0,0.0,0.0,0.0,0.0,870.0
1993-12-06,207,13.68761842,2.252420719,11.435197701,11.435197701,11.435197701,11.435197701,0.0,0.0,0.0,0.0,0.0,0.0,0.0,0.0,0.0,0.0,0.0,0.0,820.0
1993-12-07,208,1.199439875,3.484864759,-2.285424884,9.149772816999999,9.149772816999999,9.149772816999999,0.0,0.0,0.0,0.0,0.0,0.0,0.0,0.0,0.0,0.0,0.0,0.0,820.0
1993-12-08,209,18.33828504,1.503721593,16.834563446999997,25.984336263999996,25.984336263999996,25.984336263999996,0.0,0.0,0.0,0.0,0.0,0.0,0.0,0.0,0.0,0.0,0.0,0.0,1150.0
1993-12-09,210,27.95285707,2.526541506,25.426315564,50.0,50.0,50.0,1.4106518279999989,1.4106518279999989,1.4106518279999989,1.4106518279999989,0.4937281397999996,0.9169236881999993,0.46904173280999956,0.8922372812099992,0.02468640699,0.02468640699,0.04937281398,191021.7739638795,6810.0
1993-12-10,211,3.270071009,3.196366126,0.073704883,50.0,50.0,50.0,0.07370488299999778,0.07370488299999778,0.07370488299999778,0.07370488299999778,0.02579670904999922,0.04790817394999856,0.4700965197669988,0.9154035330669978,0.02474192209299996,0.02474192209299996,0.04948384418599992,191451.34613536383,13260.0
1993-12-11,212,0.285431187,4.866443708,-4.581012521,45.418987479,45.418987479,45.418987479,0.0,0.0,0.0,0.0,0.0,0.0,0.4465916937786488,0.8918987070786479,0.02350482598834996,0.02350482598834996,0.04700965197669992,181878.7788285956,15660.0
1993-12-12,213,0.18279827,5.739501132,-5.556702862,39.862284617,39.862284617,39.862284617,0.0,0.0,0.0,0.0,0.0,0.0,0.42426210908971634,0.8695691223897155,0.022329584688932463,0.022329584688932463,0.044659169377864925,172784.8398871658,14600.0
1993-12-13,214,0.250997369,6.60752899,-6.356531620999999,33.505752996,33.505752996,33.505752996,0.0,0.0,0.0,0.0,0.0,0.0,0.4030490036352305,0.8483560169352297,0.021213105454485837,0.021213105454485837,0.042426210908971675,164145.5978928075,11880.0
1993-12-14,215,0.105284293,6.232999602,-6.127715308999999,27.378037687,27.378037687,27.378037687,0.0,0.0,0.0,0.0,0.0,0.0,0.38289655345346896,0.8282035667534681,0.020152450181761542,0.020152450181761542,0.040304900363523084,155938.3179981671,8790.0
1993-12-15,216,0.0,5.799456836,-5.799456836,21.578580850999998,21.578580850999998,21.578580850999998,0.0,0.0,0.0,0.0,0.0,0.0,0.3637517257807955,0.8090587390807946,0.019144827672673465,0.019144827672673465,0.03828965534534693,148141.40209825875,6120.0
1993-12-16,217,0.176726585,2.995470249,-2.818743664,18.759837187,18.759837187,18.759837187,0.0,0.0,0.0,0.0,0.0,0.0,0.34556413949175574,0.7908711527917548,0.01818758628903979,0.01818758628903979,0.03637517257807958,140734.3319933458,4590.0
1993-12-17,218,2.359077791,4.563940756,-2.2048629650000002,16.554974222,16.554974222,16.554974222,0.0,0.0,0.0,0.0,0.0,0.0,0.3282859325171679,0.773592945817167,0.017278206974587804,0.017278206974587804,0.03455641394917561,133697.61539367854,3370.0
1993-12-18,219,0.004562523,5.202634367,-5.198071844,11.356902377999997,11.356902377999997,11.356902377999997,0.0,0.0,0.0,0.0,0.0,0.0,0.3118716358913095,0.7571786491913086,0.016414296625858412,0.016414296625858412,0.032828593251716824,127012.7346239946,2130.0
1993-12-19,220,0.0,6.269375535,-6.269375535,5.087526842999997,5.087526842999997,5.087526842999997,0.0,0.0,0.0,0.0,0.0,0.0,0.296278054096744,0.7415850673967431,0.015593581794565489,0.015593581794565489,0.031187163589130977,120662.09789279485,1640.0
1993-12-20,221,0.0,5.613312738,-5.613312738,0.0,0.0,0.0,0.0,0.0,0.0,0.0,0.0,0.0,0.2814641513919068,0.726771164691906,0.014813902704837213,0.014813902704837213,0.029627805409674426,114628.99299815511,1180.0
1993-12-21,222,0.0,4.956563768,-4.956563768,0.0,0.0,0.0,0.0,0.0,0.0,0.0,0.0,0.0,0.26739094382231143,0.7126979571223105,0.01407320756959535,0.01407320756959535,0.0281464151391907,108897.54334824733,830.0
1993-12-22,223,0.785675484,5.32481545,-4.5391399660000005,0.0,0.0,0.0,0.0,0.0,0.0,0.0,0.0,0.0,0.25402139663119583,0.6993284099311949,0.013369547191115584,0.013369547191115584,0.02673909438223117,103452.66618083497,720.0
1993-12-23,224,19.49321055,5.210456156,14.282754394000001,14.282754394000001,14.282754394000001,14.282754394000001,0.0,0.0,0.0,0.0,0.0,0.0,0.24132032679963603,0.6866273400996351,0.012701069831559803,0.012701069831559803,0.025402139663119605,98280.03287179321,700.0
1993-12-24,225,4.937267233,6.50162576,-1.5643585269999996,12.718395867000002,12.718395867000002,12.718395867000002,0.0,0.0,0.0,0.0,0.0,0.0,0.22925431045965422,0.6745613237596533,0.012066016339981812,0.012066016339981812,0.024132032679963625,93366.03122820354,590.0
1993-12-25,226,0.000974095,5.97717162,-5.976197525,6.742198342000002,6.742198342000002,6.742198342000002,0.0,0.0,0.0,0.0,0.0,0.0,0.2177915949366715,0.6630986082366706,0.011462715522982721,0.011462715522982721,0.022925431045965443,88697.72966679337,490.0
1993-12-26,227,0.013046121,6.719556013,-6.706509892,0.03568845000000209,0.03568845000000209,0.03568845000000209,0.0,0.0,0.0,0.0,0.0,0.0,0.20690201518983792,0.652209028489837,0.010889579746833584,0.010889579746833584,0.02177915949366717,84262.84318345369,440.0
1993-12-27,228,0.554917159,2.990608167,-2.435691008,0.0,0.0,0.0,0.0,0.0,0.0,0.0,0.0,0.0,0.196556914430346,0.6418639277303451,0.010345100759491905,0.010345100759491905,0.02069020151898381,80049.70102428099,410.0
1993-12-28,229,0.0,3.635117151,-3.635117151,0.0,0.0,0.0,0.0,0.0,0.0,0.0,0.0,0.0,0.1867290687088287,0.6320360820088278,0.00982784572151731,0.00982784572151731,0.01965569144303462,76047.21597306695,380.0
1993-12-29,230,0.0,4.172736301,-4.172736301,0.0,0.0,0.0,0.0,0.0,0.0,0.0,0.0,0.0,0.17739261527338723,0.6226996285733863,0.009336453435441443,0.009336453435441443,0.018672906870882886,72244.85517441359,350.0
1993-12-30,231,0.014179024,5.366203991,-5.352024967,0.0,0.0,0.0,0.0,0.0,0.0,0.0,0.0,0.0,0.16852298450971787,0.6138299978097169,0.008869630763669369,0.008869630763669369,0.017739261527338738,68632.61241569291,330.0
1993-12-31,232,0.0,6.474942894,-6.474942894,0.0,0.0,0.0,0.0,0.0,0.0,0.0,0.0,0.0,0.16009683528423196,0.605403848584231,0.008426149225485902,0.008426149225485902,0.016852298450971803,65200.981794908264,300.0
1994-01-01,233,0.0,5.734776983,-5.734776983,0.0,0.0,0.0,0.0,0.0,0.0,0.0,0.0,0.0,0.15209199352002037,0.5973990068200195,0.008004841764211606,0.008004841764211606,0.01600968352842321,61940.93270516285,300.0
1994-01-02,234,0.0,5.667448631,-5.667448631,0.0,0.0,0.0,0.0,0.0,0.0,0.0,0.0,0.0,0.14448739384401935,0.5897944071440184,0.007604599676001025,0.007604599676001025,0.01520919935200205,58843.8860699047,300.0
1994-01-03,235,0.0,5.935505619,-5.935505619,0.0,0.0,0.0,0.0,0.0,0.0,0.0,0.0,0.0,0.13726302415181837,0.5825700374518175,0.007224369692200974,0.007224369692200974,0.014448739384401948,55901.691766409465,300.0
1994-01-04,236,0.0,5.36698929,-5.36698929,0.0,0.0,0.0,0.0,0.0,0.0,0.0,0.0,0.0,0.13039987294422745,0.5757068862442265,0.006863151207590925,0.006863151207590925,0.01372630241518185,53106.60717808899,300.0
1994-01-05,237,0.0,6.34938298,-6.34938298,0.0,0.0,0.0,0.0,0.0,0.0,0.0,0.0,0.0,0.12387987929701606,0.5691868925970152,0.006519993647211378,0.006519993647211378,0.013039987294422756,50451.27681918454,300.0
1994-01-06,238,0.0,4.906689707,-4.906689707,0.0,0.0,0.0,0.0,0.0,0.0,0.0,0.0,0.0,0.11768588533216526,0.5629928986321644,0.006193993964850809,0.006193993964850809,0.012387987929701617,47928.71297822531,240.0
1994-01-07,239,0.0,2.151530665,-2.151530665,0.0,0.0,0.0,0.0,0.0,0.0,0.0,0.0,0.0,0.11180159106555698,0.5571086043655561,0.005884294266608268,0.005884294266608268,0.011768588533216537,45532.27732931404,210.0
1994-01-08,240,0.025483963,4.794024425,-4.768540462,0.0,0.0,0.0,0.0,0.0,0.0,0.0,0.0,0.0,0.10621151151227913,0.5515185248122783,0.0055900795532778545,0.0055900795532778545,0.011180159106555709,43255.66346284834,190.0
1994-01-09,241,0.190124391,4.417735783,-4.227611392,0.0,0.0,0.0,0.0,0.0,0.0,0.0,0.0,0.0,0.10090093593666517,0.5462079492366643,0.0053105755756139615,0.0053105755756139615,0.010621151151227923,41092.880289705914,170.0
1994-01-10,242,0.701859732,3.921928753,-3.220069021,0.0,0.0,0.0,0.0,0.0,0.0,0.0,0.0,0.0,0.09585588913983191,0.541162902439831,0.0050450467968332635,0.0050450467968332635,0.010090093593666527,39038.236275220625,150.0
1994-01-11,243,0.285050015,5.666097115,-5.3810471,0.0,0.0,0.0,0.0,0.0,0.0,0.0,0.0,0.0,0.09106309468284031,0.5363701079828395,0.0047927944569915995,0.0047927944569915995,0.009585588913983199,37086.32446145958,140.0
1994-01-12,244,0.516564756,6.188244264,-5.6716795079999995,0.0,0.0,0.0,0.0,0.0,0.0,0.0,0.0,0.0,0.0865099399486983,0.5318169532486975,0.004553154734142019,0.004553154734142019,0.009106309468284038,35232.0082383866,120.0
1994-01-13,245,0.054031354,5.940281447,-5.886250093,0.0,0.0,0.0,0.0,0.0,0.0,0.0,0.0,0.0,0.08218444295126337,0.5274914562512626,0.004325496997434918,0.004325496997434918,0.008650993994869837,33470.40782646728,100.0
1994-01-14,246,0.282424864,5.879851105,-5.597426241,0.0,0.0,0.0,0.0,0.0,0.0,0.0,0.0,0.0,0.0780752208037002,0.5233822341036994,0.004109222147563172,0.004109222147563172,0.008218444295126344,31796.887435143908,40.0
1994-01-15,247,6.157886745,5.076124228,1.0817625169999996,1.0817625169999996,1.0817625169999996,1.0817625169999996,0.0,0.0,0.0,0.0,0.0,0.0,0.07417145976351519,0.5194784730635145,0.0039037610401850137,0.0039037610401850137,0.007807522080370027,30207.043063386714,40.0
1994-01-16,248,5.715823293,5.688486908,0.027336384999999908,1.1090989019999995,1.1090989019999995,1.1090989019999995,0.0,0.0,0.0,0.0,0.0,0.0,0.07046288677533943,0.5157699000753387,0.003708572988175763,0.003708572988175763,0.007417145976351526,28696.690910217378,90.0
1994-01-17,249,0.738735162,6.623111336,-5.884376174,0.0,0.0,0.0,0.0,0.0,0.0,0.0,0.0,0.0,0.06693974243657246,0.5122467557365717,0.0035231443387669747,0.0035231443387669747,0.0070462886775339495,27261.856364706506,70.0
1994-01-18,250,0.141277388,6.793456335,-6.652178947,0.0,0.0,0.0,0.0,0.0,0.0,0.0,0.0,0.0,0.06359275531474383,0.5088997686147432,0.003346987121828626,0.003346987121828626,0.006693974243657252,25898.76354647118,0.0
1994-01-19,251,4.752072165,4.385589432,0.36648273300000067,0.36648273300000067,0.36648273300000067,0.36648273300000067,0.0,0.0,0.0,0.0,0.0,0.0,0.060413117549006634,0.505720130849006,0.0031796377657371945,0.0031796377657371945,0.006359275531474389,24603.82536914762,10.0
1994-01-20,252,6.421686947,3.80438468,2.6173022670000003,2.983785000000001,2.983785000000001,2.983785000000001,0.0,0.0,0.0,0.0,0.0,0.0,0.0573924616715563,0.5026994749715556,0.0030206558774503343,0.0030206558774503343,0.006041311754900669,23373.634100690237,90.0
1994-01-21,253,0.685743816,6.448951621,-5.763207805,0.0,0.0,0.0,0.0,0.0,0.0,0.0,0.0,0.0,0.05452283858797848,0.49982985188797785,0.002869623083577818,0.002869623083577818,0.005739246167155636,22204.952395655728,90.0
1994-01-22,254,0.040829141,6.735395944,-6.694566803000001,0.0,0.0,0.0,0.0,0.0,0.0,0.0,0.0,0.0,0.051796696658579555,0.49710370995857894,0.0027261419293989264,0.0027261419293989264,0.005452283858797853,21094.704775872935,90.0
1994-01-23,255,0.056279271,5.47865808,-5.422378809,0.0,0.0,0.0,0.0,0.0,0.0,0.0,0.0,0.0,0.04920686182565057,0.49451387512565,0.00258983483292898,0.00258983483292898,0.00517966966585796,20039.96953707929,40.0
1994-01-24,256,0.0,4.638410275,-4.638410275,0.0,0.0,0.0,0.0,0.0,0.0,0.0,0.0,0.0,0.04674651873436804,0.49205353203436747,0.002460343091282531,0.002460343091282531,0.004920686182565062,19037.971060225325,0.0
1994-01-25,257,0.00037665,5.045601319,-5.045224669,0.0,0.0,0.0,0.0,0.0,0.0,0.0,0.0,0.0,0.044409192797649634,0.48971620609764904,0.002337325936718404,0.002337325936718404,0.004674651873436808,18086.072507214056,0.0
1994-01-26,258,0.18249495,4.450816669,-4.268321719,0.0,0.0,0.0,0.0,0.0,0.0,0.0,0.0,0.0,0.04218873315776715,0.48749574645776655,0.0022204596398824835,0.0022204596398824835,0.004440919279764967,17181.76888185335,0.0
1994-01-27,259,0.490242141,4.391197785,-3.900955644,0.0,0.0,0.0,0.0,0.0,0.0,0.0,0.0,0.0,0.04007929649987879,0.4853863097998782,0.0021094366578883594,0.0021094366578883594,0.004218873315776719,16322.680437760682,0.0
1994-01-28,260,2.743071545,5.379522383,-2.6364508380000005,0.0,0.0,0.0,0.0,0.0,0.0,0.0,0.0,0.0,0.03807533167488485,0.48338234497488425,0.0020039648249939412,0.0020039648249939412,0.0040079296499878824,15506.546415872646,0.0
1994-01-29,261,0.531250881,5.141593856,-4.610342975,0.0,0.0,0.0,0.0,0.0,0.0,0.0,0.0,0.0,0.03617156509114061,0.48147857839114,0.0019037665837442444,0.0019037665837442444,0.003807533167488489,14731.219095079017,0.0
1994-01-30,262,0.22521004,5.49741412,-5.27220408,0.0,0.0,0.0,0.0,0.0,0.0,0.0,0.0,0.0,0.03436298683658358,0.47967000013658295,0.0018085782545570323,0.0018085782545570323,0.0036171565091140646,13994.658140325068,0.0
1994-01-31,263,0.255859288,2.582969084,-2.3271097960000002,0.0,0.0,0.0,0.0,0.0,0.0,0.0,0.0,0.0,0.0326448374947544,0.4779518507947538,0.0017181493418291804,0.0017181493418291804,0.0034362986836583608,13294.925233308812,0.0
1994-02-01,264,10.23461445,3.565758365,6.668856085,6.668856085,6.668856085,6.668856085,0.0,0.0,0.0,0.0,0.0,0.0,0.031012595620016677,0.47631960892001607,0.0016322418747377215,0.0016322418747377215,0.003264483749475443,12630.178971643372,0.0
1994-02-02,265,3.878172268,2.0661863,1.8119859680000001,8.480842053,8.480842053,8.480842053,0.0,0.0,0.0,0.0,0.0,0.0,0.029461965839015843,0.4747689791390152,0.0015506297810008352,0.0015506297810008352,0.0031012595620016703,11998.6700230612,0.0
1994-02-03,266,21.29921645,2.632106777,18.667109673,27.147951726,27.147951726,27.147951726,0.0,0.0,0.0,0.0,0.0,0.0,0.02798886754706505,0.4732958808470644,0.0014730982919507933,0.0014730982919507933,0.0029461965839015867,11398.73652190814,0.0
1994-02-04,267,6.523155016,2.917029675,3.6061253409999994,30.754077066999997,30.754077066999997,30.754077066999997,0.0,0.0,0.0,0.0,0.0,0.0,0.026589424169711797,0.47189643746971116,0.0013994433773532537,0.0013994433773532537,0.0027988867547065074,10828.799695812733,0.0
1994-02-05,268,3.274041661,5.696325177,-2.4222835160000002,28.331793550999997,28.331793550999997,28.331793550999997,0.0,0.0,0.0,0.0,0.0,0.0,0.025259952961226205,0.47056696626122557,0.001329471208485591,0.001329471208485591,0.002658942416971182,10287.359711022096,0.0
1994-02-06,269,3.104925739,6.833526598,-3.7286008589999997,24.603192691999997,24.603192691999997,24.603192691999997,0.0,0.0,0.0,0.0,0.0,0.0,0.023996955313164894,0.46930396861316426,0.0012629976480613113,0.0012629976480613113,0.0025259952961226226,9772.99172547099,0.0
1994-02-07,270,1.943626451,6.147808369,-4.204181918,20.399010773999997,20.399010773999997,20.399010773999997,0.0,0.0,0.0,0.0,0.0,0.0,0.022797107547506648,0.468104120847506,0.0011998477656582458,0.0011998477656582458,0.0023996955313164915,9284.34213919744,0.0
1994-02-08,271,1.460935763,5.777383378,-4.3164476149999995,16.082563158999996,16.082563158999996,16.082563158999996,0.0,0.0,0.0,0.0,0.0,0.0,0.021657252170131314,0.4669642654701307,0.0011398553773753334,0.0011398553773753334,0.002279710754750667,8820.125032237569,0.0
1994-02-09,272,3.980334076,5.956374497,-1.9760404209999995,14.106522737999995,14.106522737999995,14.106522737999995,0.0,0.0,0.0,0.0,0.0,0.0,0.020574389561624745,0.46588140286162416,0.0010828626085065667,0.0010828626085065667,0.0021657252170131334,8379.11878062569,10.0
1994-02-10,273,1.262956516,5.536809607,-4.273853091,9.832669646999996,9.832669646999996,9.832669646999996,0.0,0.0,0.0,0.0,0.0,0.0,0.019545670083543507,0.4648526833835429,0.0010287194780812382,0.0010287194780812382,0.0020574389561624764,7960.162841594404,100.0
1994-02-11,274,1.329843866,4.601761656,-3.27191779,6.560751856999996,6.560751856999996,6.560751856999996,0.0,0.0,0.0,0.0,0.0,0.0,0.018568386579366332,0.4638753998793657,0.0009772835041771762,0.0009772835041771762,0.0019545670083543523,7562.154699514684,140.0
1994-02-12,275,13.75102671,4.813169945,8.937856765,15.498608621999995,15.498608621999995,15.498608621999995,0.0,0.0,0.0,0.0,0.0,0.0,0.017639967250398014,0.4629469805503974,0.0009284193289683174,0.0009284193289683174,0.0018568386579366348,7184.046964538949,180.0
1994-02-13,276,3.920708773,5.445869522,-1.5251607489999999,13.973447872999996,13.973447872999996,13.973447872999996,0.0,0.0,0.0,0.0,0.0,0.0,0.016757968887878113,0.4620649821878775,0.0008819983625199015,0.0008819983625199015,0.001763996725039803,6824.844616312002,220.0
1994-02-14,277,4.270988168,4.88038446,-0.6093962920000005,13.364051580999995,13.364051580999995,13.364051580999995,0.0,0.0,0.0,0.0,0.0,0.0,0.015920070443484206,0.4612270837434836,0.0008378984443939063,0.0008378984443939063,0.0016757968887878127,6483.6023854964005,230.0
1994-02-15,278,4.515617317,5.402372416,-0.8867550990000002,12.477296481999995,12.477296481999995,12.477296481999995,0.0,0.0,0.0,0.0,0.0,0.0,0.015124066921309996,0.46043108022130935,0.000796003522174211,0.000796003522174211,0.001592007044348422,6159.422266221581,250.0
1994-02-16,279,2.634265208,5.249624241,-2.6153590330000003,9.861937448999994,9.861937448999994,9.861937448999994,0.0,0.0,0.0,0.0,0.0,0.0,0.014367863575244496,0.45967487687524383,0.0007562033460655005,0.0007562033460655005,0.001512406692131001,5851.451152910501,250.0
1994-02-17,280,0.0,4.900809771,-4.900809771,4.961127677999994,4.961127677999994,4.961127677999994,0.0,0.0,0.0,0.0,0.0,0.0,0.013649470396482271,0.4589564836964816,0.0007183931787622254,0.0007183931787622254,0.0014367863575244508,5558.878595264977,200.0
1994-02-18,281,23.71619601,2.836374606,20.879821404,25.840949081999995,25.840949081999995,25.840949081999995,0.0,0.0,0.0,0.0,0.0,0.0,0.012966996876658157,0.45827401017665753,0.0006824735198241142,0.0006824735198241142,0.0013649470396482283,5280.934665501728,828100.0
1994-02-19,282,5.792680244,3.298756663,2.493923581,28.334872662999995,28.334872662999995,28.334872662999995,0.0,0.0,0.0,0.0,0.0,0.0,0.012318647032825248,0.45762566033282465,0.0006483498438329085,0.0006483498438329085,0.001296699687665817,5016.887932226642,593540.0
1994-02-20,283,11.05836816,2.755361817,8.303006343,36.63787900599999,36.63787900599999,36.63787900599999,0.0,0.0,0.0,0.0,0.0,0.0,0.011702714681183985,0.4570097279811834,0.0006159323516412629,0.0006159323516412629,0.0012318647032825258,4766.043535615308,341370.0
1994-02-21,284,0.134009305,5.010935867,-4.8769265619999995,31.76095244399999,31.76095244399999,31.76095244399999,0.0,0.0,0.0,0.0,0.0,0.0,0.011117578947124786,0.4564245922471242,0.0005851357340591998,0.0005851357340591998,0.0011702714681183996,4527.7413588345435,315260.0
1994-02-22,285,0.003304485,4.681816429,-4.678511944,27.08244049999999,27.08244049999999,27.08244049999999,0.0,0.0,0.0,0.0,0.0,0.0,0.010561699999768547,0.4558687132997679,0.0005558789473562398,0.0005558789473562398,0.0011117578947124796,4301.354290892817,213230.0
1994-02-23,286,0.0,4.81796465,-4.81796465,22.26447584999999,22.26447584999999,22.26447584999999,0.0,0.0,0.0,0.0,0.0,0.0,0.01003361499978012,0.4553406282997795,0.0005280849999884278,0.0005280849999884278,0.0010561699999768557,4086.286576348175,146770.0
1994-02-24,287,0.0,5.197959372,-5.197959372,17.06651647799999,17.06651647799999,17.06651647799999,0.0,0.0,0.0,0.0,0.0,0.0,0.009531934249791114,0.4548389475497905,0.0005016807499890065,0.0005016807499890065,0.001003361499978013,3881.972247530767,102610.0
1994-02-25,288,0.0003994,3.841246509,-3.840847109,13.22566936899999,13.22566936899999,13.22566936899999,0.0,0.0,0.0,0.0,0.0,0.0,0.009055337537301558,0.4543623508373009,0.0004765967124895561,0.0004765967124895561,0.0009531934249791122,3687.873635154228,76420.0
1994-02-26,289,0.0,5.952770803,-5.952770803,7.27289856599999,7.27289856599999,7.27289856599999,0.0,0.0,0.0,0.0,0.0,0.0,0.008602570660436478,0.45390958396043585,0.0004527668768650783,0.0004527668768650783,0.0009055337537301566,3503.4799533965165,57760.0
1994-02-27,290,0.003252905,6.223573769,-6.220320864,1.05257770199999,1.05257770199999,1.05257770199999,0.0,0.0,0.0,0.0,0.0,0.0,0.008172442127414654,0.453479455427414,0.0004301285330218243,0.0004301285330218243,0.0008602570660436486,3328.30595572669,45150.0
1994-02-28,291,0.000162219,2.510408088,-2.5102458690000002,0.0,0.0,0.0,0.0,0.0,0.0,0.0,0.0,0.0,0.00776382002104392,0.4530708333210433,0.00040862210637073306,0.00040862210637073306,0.0008172442127414661,3161.8906579403556,37780.0
1994-03-01,292,46.65529005,1.52173547,45.133554579999995,45.133554579999995,45.133554579999995,45.133554579999995,0.0,0.0,0.0,0.0,0.0,0.0,0.007375629019991724,0.4526826423199911,0.0003881910010521964,0.0003881910010521964,0.0007763820021043928,3003.7961250433377,366410.0
1994-03-02,293,27.6734638,1.782909643,25.890554157,50.0,50.0,50.0,21.02410873699999,21.02410873699999,21.02410873699999,21.02410873699999,7.358438057949996,13.665670679049995,6.997523002621488,13.750062637021486,0.3682906843484997,0.3682906843484997,0.7365813686969994,2849808.799114415,3079450.0
1994-03-03,294,6.045526472,3.835223849,2.2103026229999996,50.0,50.0,50.0,2.210302622999997,2.210302622999997,2.210302622999997,2.210302622999997,0.7736059180499989,1.4366967049499981,7.382572474637912,14.79820289593791,0.3885564460335747,0.3885564460335747,0.7771128920671494,3006623.9139823015,2713900.0
1994-03-04,295,1.200307176,3.070688132,-1.870380956,48.129619044,48.129619044,48.129619044,0.0,0.0,0.0,0.0,0.0,0.0,7.0134438509060155,14.429074272206014,0.3691286237318959,0.3691286237318959,0.7382572474637918,2856292.718283186,2638640.0
1994-03-05,296,0.657970135,4.806067753,-4.1480976179999995,43.981521426,43.981521426,43.981521426,0.0,0.0,0.0,0.0,0.0,0.0,6.662771658360715,14.078402079660712,0.3506721925453011,0.3506721925453011,0.7013443850906022,2713478.0823690267,1371250.0
1994-03-06,297,26.79095773,3.628488232,23.162469498,50.0,50.0,50.0,17.143990924000008,17.143990924000008,17.143990924000008,17.143990924000008,6.000396823400003,11.143594100600005,12.030010057672682,24.58883775617268,0.6331584240880365,0.6331584240880365,1.266316848176073,4899337.737503252,1268940.0
1994-03-07,298,3.687071695,4.222417297,-0.5353456019999996,49.464654398,49.464654398,49.464654398,0.0,0.0,0.0,0.0,0.0,0.0,11.428509554789047,23.987337253289045,0.6015005028836347,0.6015005028836347,1.2030010057672693,4654370.850628089,938500.0
1994-03-08,299,1.882555622,2.250543787,-0.36798816499999987,49.096666233,49.096666233,49.096666233,0.0,0.0,0.0,0.0,0.0,0.0,10.857084077049594,23.415911775549592,0.5714254777394528,0.5714254777394528,1.1428509554789057,4421652.3080966845,1094800.0
1994-03-09,300,2.796465593,2.908793412,-0.11232781899999988,48.984338414,48.984338414,48.984338414,0.0,0.0,0.0,0.0,0.0,0.0,10.314229873197114,22.87305757169711,0.5428542038524802,0.5428542038524802,1.0857084077049604,4200569.69269185,731040.0
1994-03-10,301,0.495589775,4.178820468,-3.6832306929999996,45.301107721,45.301107721,45.301107721,0.0,0.0,0.0,0.0,0.0,0.0,9.798518379537258,22.357346078037253,0.5157114936598561,0.5157114936598561,1.0314229873197123,3990541.208057257,538820.0
1994-03-11,302,15.72314208,5.880407322,9.842734758,50.0,50.0,50.0,5.143842479,5.143842479,5.143842479,5.143842479,1.8003448676499998,3.34349761135,11.018920084827894,25.12090052702789,0.5799431623593634,0.5799431623593634,1.1598863247187268,4487561.584680323,1528640.0
1994-03-12,303,0.0,5.811175277,-5.811175277,44.188824722999996,44.188824722999996,44.188824722999996,0.0,0.0,0.0,0.0,0.0,0.0,10.4679740805865,24.569954522786492,0.5509460042413952,0.5509460042413952,1.1018920084827903,4263183.5054463055,1990910.0
1994-03-13,304,0.000293874,4.569587798,-4.569293924,39.619530798999996,39.619530798999996,39.619530798999996,0.0,0.0,0.0,0.0,0.0,0.0,9.944575376557173,24.046555818757167,0.5233987040293254,0.5233987040293254,1.0467974080586508,4050024.33017399,1189890.0
1994-03-14,305,0.0,4.129329894,-4.129329894,35.490200904999995,35.490200904999995,35.490200904999995,0.0,0.0,0.0,0.0,0.0,0.0,9.447346607729314,23.549327049929307,0.4972287688278591,0.4972287688278591,0.9944575376557182,3847523.11366529,785880.0
1994-03-15,306,0.0,4.885079635,-4.885079635,30.605121269999994,30.605121269999994,30.605121269999994,0.0,0.0,0.0,0.0,0.0,0.0,8.974979277342847,23.07695971954284,0.4723673303864661,0.4723673303864661,0.9447346607729322,3655146.9579820256,540930.0
1994-03-16,307,0.005587074,5.279157659,-5.273570585,25.331550684999996,25.331550684999996,25.331550684999996,0.0,0.0,0.0,0.0,0.0,0.0,8.526230313475704,22.6282107556757,0.44874896386714275,0.44874896386714275,0.8974979277342855,3472389.610082924,387040.0
1994-03-17,308,0.0,5.28395787,-5.28395787,20.047592814999994,20.047592814999994,20.047592814999994,0.0,0.0,0.0,0.0,0.0,0.0,8.09991879780192,22.201899240001914,0.42631151567378556,0.42631151567378556,0.8526230313475711,3298770.1295787776,294380.0
1994-03-18,309,0.0,3.574599187,-3.574599187,16.472993627999994,16.472993627999994,16.472993627999994,0.0,0.0,0.0,0.0,0.0,0.0,7.694922857911823,21.79690330011182,0.4049959398900963,0.4049959398900963,0.8099918797801926,3133831.623099839,235410.0
1994-03-19,310,0.0,4.563895917,-4.563895917,11.909097710999994,11.909097710999994,11.909097710999994,0.0,0.0,0.0,0.0,0.0,0.0,7.310176715016232,21.412157157216228,0.3847461428955915,0.3847461428955915,0.769492285791183,2977140.041944847,193610.0
1994-03-20,311,0.0,3.926101389,-3.926101389,7.982996321999995,7.982996321999995,7.982996321999995,0.0,0.0,0.0,0.0,0.0,0.0,6.94466787926542,21.046648321465415,0.36550883575081194,0.36550883575081194,0.7310176715016239,2828283.0398476045,163440.0
1994-03-21,312,0.127822696,3.80176528,-3.673942584,4.309053737999994,4.309053737999994,4.309053737999994,0.0,0.0,0.0,0.0,0.0,0.0,6.597434485302149,20.699414927502144,0.34723339396327135,0.34723339396327135,0.6944667879265427,2686868.8878552243,141710.0
1994-03-22,313,1.52480685,4.181905266,-2.657098416,1.6519553219999938,1.6519553219999938,1.6519553219999938,0.0,0.0,0.0,0.0,0.0,0.0,6.267562761037041,20.369543203237036,0.32987172426510775,0.32987172426510775,0.6597434485302155,2552525.443462463,122330.0
1994-03-23,314,0.801160645,3.63820627,-2.837045625,0.0,0.0,0.0,0.0,0.0,0.0,0.0,0.0,0.0,5.9541846229851885,20.056165065185183,0.31337813805185233,0.31337813805185233,0.6267562761037047,2424899.1712893397,104340.0
1994-03-24,315,2.011304584,4.446964127,-2.4356595430000003,0.0,0.0,0.0,0.0,0.0,0.0,0.0,0.0,0.0,5.6564753918359285,19.758455834035924,0.2977092311492597,0.2977092311492597,0.5954184622985194,2303654.2127248724,92080.0
1994-03-25,316,1.207012021,3.901328526,-2.6943165049999998,0.0,0.0,0.0,0.0,0.0,0.0,0.0,0.0,0.0,5.3736516222441315,19.475632064444127,0.28282376959179667,0.28282376959179667,0.5656475391835933,2188471.5020886287,82390.0
1994-03-26,317,3.356873181,4.028774642,-0.671901461,0.0,0.0,0.0,0.0,0.0,0.0,0.0,0.0,0.0,5.104969041131925,19.206949483331922,0.26868258111220683,0.26868258111220683,0.5373651622244137,2079047.9269841968,75680.0
1994-03-27,318,0.559159665,4.04397207,-3.4848124049999996,0.0,0.0,0.0,0.0,0.0,0.0,0.0,0.0,0.0,4.8497205890753285,18.951701031275327,0.25524845205659646,0.25524845205659646,0.5104969041131929,1975095.5306349872,68550.0
1994-03-28,319,2.354619293,4.612070694,-2.257451401,0.0,0.0,0.0,0.0,0.0,0.0,0.0,0.0,0.0,4.607234559621562,18.709215001821562,0.24248602945376665,0.24248602945376665,0.4849720589075333,1876340.7541032378,60910.0
1994-03-29,320,1.129762844,3.950203163,-2.820440319,0.0,0.0,0.0,0.0,0.0,0.0,0.0,0.0,0.0,4.376872831640483,18.478853273840485,0.2303617279810783,0.2303617279810783,0.4607234559621566,1782523.7163980757,54360.0
1994-03-30,321,3.854895733,3.846282468,0.008613265000000148,0.008613265000000148,0.008613265000000148,0.008613265000000148,0.0,0.0,0.0,0.0,0.0,0.0,4.158029190058459,18.260009632258463,0.21884364158202435,0.21884364158202435,0.4376872831640487,1693397.5305781716,50500.0
1994-03-31,322,0.658259504,3.747507402,-3.089247898,0.0,0.0,0.0,0.0,0.0,0.0,0.0,0.0,0.0,3.950127730555536,18.05210817275554,0.20790145950292313,0.20790145950292313,0.41580291900584626,1608727.6540492629,48750.0
1994-04-01,323,0.406100716,4.351667347,-3.945566631,0.0,0.0,0.0,0.0,0.0,0.0,0.0,0.0,0.0,3.7526213440277587,17.85460178622776,0.19750638652777697,0.19750638652777697,0.39501277305555393,1528291.2713467998,46610.0
1994-04-02,324,0.025527475,3.784094898,-3.758567423,0.0,0.0,0.0,0.0,0.0,0.0,0.0,0.0,0.0,3.5649902768263706,17.666970719026374,0.1876310672013881,0.1876310672013881,0.3752621344027762,1451876.70777946,43680.0
1994-04-03,325,0.0,4.479533049,-4.479533049,0.0,0.0,0.0,0.0,0.0,0.0,0.0,0.0,0.0,3.386740762985052,17.488721205185055,0.17824951384131868,0.17824951384131868,0.35649902768263736,1379282.8723904865,38950.0
1994-04-04,326,0.064051589,2.988329608,-2.924278019,0.0,0.0,0.0,0.0,0.0,0.0,0.0,0.0,0.0,3.2174037248357994,17.319384167035803,0.16933703814925274,0.16933703814925274,0.3386740762985055,1310318.7287709622,42430.0
1994-04-05,327,6.891241068,3.301820614,3.5894204540000003,3.5894204540000003,3.5894204540000003,3.5894204540000003,0.0,0.0,0.0,0.0,0.0,0.0,3.0565335385940093,17.158513980794012,0.16087018624179011,0.16087018624179011,0.32174037248358023,1244802.792332414,47840.0
1994-04-06,328,3.245534472,3.468512648,-0.2229781759999998,3.3664422780000005,3.3664422780000005,3.3664422780000005,0.0,0.0,0.0,0.0,0.0,0.0,2.903706861664309,17.005687303864313,0.1528266769297006,0.1528266769297006,0.3056533538594012,1182562.6527157933,54510.0
1994-04-07,329,0.088063607,3.44587969,-3.357816083,0.008626195000000614,0.008626195000000614,0.008626195000000614,0.0,0.0,0.0,0.0,0.0,0.0,2.758521518581093,16.860501960781097,0.14518534308321557,0.14518534308321557,0.29037068616643114,1123434.520080004,49340.0
1994-04-08,330,0.979163889,3.047887835,-2.068723946,0.0,0.0,0.0,0.0,0.0,0.0,0.0,0.0,0.0,2.6205954426520384,16.72257588485204,0.1379260759290548,0.1379260759290548,0.2758521518581096,1067262.7940760036,47890.0
1994-04-09,331,0.0,3.509595438,-3.509595438,0.0,0.0,0.0,0.0,0.0,0.0,0.0,0.0,0.0,2.4895656705194362,16.59154611271944,0.13102977213260203,0.13102977213260203,0.26205954426520406,1013899.6543722032,47270.0
1994-04-10,332,0.037530113,4.065382069,-4.027851956,0.0,0.0,0.0,0.0,0.0,0.0,0.0,0.0,0.0,2.3650873869934643,16.467067829193468,0.12447828352597193,0.12447828352597193,0.24895656705194386,963204.6716535931,47610.0
1994-04-11,333,0.211904986,3.137598313,-2.925693327,0.0,0.0,0.0,0.0,0.0,0.0,0.0,0.0,0.0,2.246833017643791,16.348813459843793,0.11825436934967332,0.11825436934967332,0.23650873869934663,915044.4380709133,45220.0
1994-04-12,334,0.830377961,1.927194388,-1.0968164269999998,0.0,0.0,0.0,0.0,0.0,0.0,0.0,0.0,0.0,2.1344913667616012,16.236471808961603,0.11234165088218964,0.11234165088218964,0.22468330176437928,869292.2161673675,42980.0
1994-04-13,335,0.0,2.045214926,-2.045214926,0.0,0.0,0.0,0.0,0.0,0.0,0.0,0.0,0.0,2.0277667984235213,16.129747240623523,0.10672456833808015,0.10672456833808015,0.2134491366761603,825827.6053589991,39550.0
1994-04-14,336,0.0,2.773683801,-2.773683801,0.0,0.0,0.0,0.0,0.0,0.0,0.0,0.0,0.0,1.9263784585023451,16.028358900702347,0.10138833992117616,0.10138833992117616,0.20277667984235231,784536.2250910492,35530.0
1994-04-15,337,0.0,3.36239341,-3.36239341,0.0,0.0,0.0,0.0,0.0,0.0,0.0,0.0,0.0,1.8300595355772278,15.93203997777723,0.09631892292511735,0.09631892292511735,0.1926378458502347,745309.4138364968,31540.0
1994-04-16,338,0.069227139,3.032895062,-2.963667923,0.0,0.0,0.0,0.0,0.0,0.0,0.0,0.0,0.0,1.7385565587983662,15.840537000998369,0.09150297677886148,0.09150297677886148,0.18300595355772295,708043.943144672,29510.0
1994-04-17,339,0.235129793,3.710633601,-3.475503808,0.0,0.0,0.0,0.0,0.0,0.0,0.0,0.0,0.0,1.6516287308584479,15.75360917305845,0.08692782793991839,0.08692782793991839,0.17385565587983678,672641.7459874382,28140.0
1994-04-18,340,0.015868636,2.245787679,-2.229919043,0.0,0.0,0.0,0.0,0.0,0.0,0.0,0.0,0.0,1.5690472943155254,15.671027736515528,0.08258143654292247,0.08258143654292247,0.16516287308584493,639009.6586880663,26810.0
1994-04-19,341,0.348442652,3.208202624,-2.859759972,0.0,0.0,0.0,0.0,0.0,0.0,0.0,0.0,0.0,1.490594929599749,15.592575371799752,0.07845236471577634,0.07845236471577634,0.15690472943155268,607059.175753663,25130.0
1994-04-20,342,0.010846556,3.32386046,-3.313013904,0.0,0.0,0.0,0.0,0.0,0.0,0.0,0.0,0.0,1.4160651831197615,15.518045625319765,0.07452974647998752,0.07452974647998752,0.14905949295997503,576706.2169659797,23540.0
1994-04-21,343,0.256790752,2.782181381,-2.525390629,0.0,0.0,0.0,0.0,0.0,0.0,0.0,0.0,0.0,1.3452619239637733,15.447242366163776,0.07080325915598813,0.07080325915598813,0.14160651831197626,547870.9061176807,22250.0
1994-04-22,344,4.125674108,2.832904941,1.2927691670000003,1.2927691670000003,1.2927691670000003,1.2927691670000003,0.0,0.0,0.0,0.0,0.0,0.0,1.2779988277655845,15.379979269965586,0.06726309619818872,0.06726309619818872,0.13452619239637745,520477.3608117966,21730.0
1994-04-23,345,5.83e-07,2.942702346,-2.942701763,0.0,0.0,0.0,0.0,0.0,0.0,0.0,0.0,0.0,1.2140988863773052,15.316079328577308,0.06389994138827929,0.06389994138827929,0.12779988277655857,494453.49277120683,21480.0
1994-04-24,346,0.02157027,3.267947939,-3.246377669,0.0,0.0,0.0,0.0,0.0,0.0,0.0,0.0,0.0,1.1533939420584398,15.255374384258442,0.06070494431886531,0.06070494431886531,0.12140988863773063,469730.8181326464,20280.0
1994-04-25,347,0.217407901,3.042941394,-2.825533493,0.0,0.0,0.0,0.0,0.0,0.0,0.0,0.0,0.0,1.0957242449555178,15.19770468715552,0.057669697102922045,0.057669697102922045,0.11533939420584409,446244.27722601406,17270.0
1994-04-26,348,1.272162161,3.398967586,-2.1268054249999997,0.0,0.0,0.0,0.0,0.0,0.0,0.0,0.0,0.0,1.0409380327077418,15.142918474907743,0.05478621224777594,0.05478621224777594,0.10957242449555188,423932.06336471334,16390.0
1994-04-27,349,2.779664883,2.985776622,-0.2061117389999998,0.0,0.0,0.0,0.0,0.0,0.0,0.0,0.0,0.0,0.9888911310723546,15.090871573272356,0.05204690163538713,0.05204690163538713,0.10409380327077426,402735.46019647754,16300.0
1994-04-28,350,1.517334369,3.253239288,-1.735904919,0.0,0.0,0.0,0.0,0.0,0.0,0.0,0.0,0.0,0.9394465745187368,15.041427016718737,0.04944455655361778,0.04944455655361778,0.09888911310723555,382598.6871866537,16490.0
1994-04-29,351,2.83143891,3.140270889,-0.3088319789999998,0.0,0.0,0.0,0.0,0.0,0.0,0.0,0.0,0.0,0.8924742457927999,14.9944546879928,0.04697232872593688,0.04697232872593688,0.09394465745187376,363468.75282732095,17020.0
1994-04-30,352,1.585925075,2.14098589,-0.555060815,0.0,0.0,0.0,0.0,0.0,0.0,0.0,0.0,0.0,0.8478505335031599,14.94983097570316,0.04462371228964004,0.04462371228964004,0.08924742457928007,345295.3151859549,18010.0
1994-05-01,353,3.858597779,2.416813413,1.4417843660000003,1.4417843660000003,1.4417843660000003,1.4417843660000003,0.0,0.0,0.0,0.0,0.0,0.0,0.8054580068280018,14.907438449028001,0.04239252667515803,0.04239252667515803,0.08478505335031607,328030.54942665715,19130.0
1994-05-02,354,2.332607647,1.447967067,0.8846405800000001,2.3264249460000004,2.3264249460000004,2.3264249460000004,0.0,0.0,0.0,0.0,0.0,0.0,0.7651851064866018,14.867165548686602,0.04027290034140013,0.04027290034140013,0.08054580068280026,311629.0219553243,20060.0
1994-05-03,355,0.086692564,1.67102062,-1.584328056,0.7420968900000005,0.7420968900000005,0.7420968900000005,0.0,0.0,0.0,0.0,0.0,0.0,0.7269258511622716,14.828906293362271,0.038259255324330124,0.038259255324330124,0.07651851064866025,296047.5708575581,20770.0
1994-05-04,356,0.315443045,2.557030946,-2.241587901,0.0,0.0,0.0,0.0,0.0,0.0,0.0,0.0,0.0,0.690579558604158,14.792560000804158,0.03634629255811361,0.03634629255811361,0.07269258511622723,281245.19231468014,20740.0
1994-05-05,357,0.255186397,1.649195901,-1.394009504,0.0,0.0,0.0,0.0,0.0,0.0,0.0,0.0,0.0,0.6560505806739501,14.75803102287395,0.03452897793020793,0.03452897793020793,0.06905795586041585,267182.9326989461,20150.0
1994-05-06,358,3.478084937,2.314850294,1.163234643,1.163234643,1.163234643,1.163234643,0.0,0.0,0.0,0.0,0.0,0.0,0.6232480516402525,14.725228493840254,0.032802529033697535,0.032802529033697535,0.06560505806739507,253823.78606399882,19570.0
1994-05-07,359,0.188451907,2.973374406,-2.784922499,0.0,0.0,0.0,0.0,0.0,0.0,0.0,0.0,0.0,0.5920856490582399,14.694066091258241,0.031162402582012656,0.031162402582012656,0.06232480516402531,241132.5967607989,19100.0
1994-05-08,360,0.0,2.964946448,-2.964946448,0.0,0.0,0.0,0.0,0.0,0.0,0.0,0.0,0.0,0.5624813666053279,14.66446180880533,0.029604282452912023,0.029604282452912023,0.059208564905824046,229075.96692275893,18650.0
1994-05-09,361,0.127465117,2.873270974,-2.745805857,0.0,0.0,0.0,0.0,0.0,0.0,0.0,0.0,0.0,0.5343572982750615,14.636337740475064,0.02812406833026642,0.02812406833026642,0.05624813666053284,217622.16857662096,17550.0
1994-05-10,362,0.0,2.511626687,-2.511626687,0.0,0.0,0.0,0.0,0.0,0.0,0.0,0.0,0.0,0.5076394333613085,14.609619875561311,0.0267178649137531,0.0267178649137531,0.0534357298275062,206741.0601477899,16490.0
1994-05-11,363,0.151864364,2.978390758,-2.826526394,0.0,0.0,0.0,0.0,0.0,0.0,0.0,0.0,0.0,0.482257461693243,14.584237903893245,0.025381971668065446,0.025381971668065446,0.05076394333613089,196404.0071404004,15990.0
1994-05-12,364,0.050587351,1.851255184,-1.8006678329999999,0.0,0.0,0.0,0.0,0.0,0.0,0.0,0.0,0.0,0.45814458860858087,14.560125030808582,0.024112873084662173,0.024112873084662173,0.048225746169324346,186583.8067833804,15580.0
1994-05-13,365,0.0,2.317893896,-2.317893896,0.0,0.0,0.0,0.0,0.0,0.0,0.0,0.0,0.0,0.4352373591781518,14.537217801378153,0.022907229430429065,0.022907229430429065,0.04581445886085813,177254.61644421137,14320.0
